ID,First Name,Last Name,Email
1,John,Smith,john@gmail.com
2,Sachin,Dave,sachin@gmail.com
3,Peter,Mark,peter@gmail.com
4,Martin,Smith,martin@gmail.com
5,Raj,Patel,raj@gmail.com
6,Virat,Yadav,virat@gmail.com
7,8,Prabhas,Shirke,prabhas@gmail.com
9,10,Prabhas1,Shirke,prabhas1@gmail.com
11,12,Prabhas2,Shirke,prabhas2@gmail.com
13,Prabhas,Shirke,retry@example.com
14,Tina,Kapoor,tina@gmail.com
15,Mona,Sharma,mona@gmail.com
16,Rahul,Varma,rahul@gmail.com